TX_DATA_0,TX_DATA_1,TX_DATA_2,TX_DATA_3,TX_DATA_4,TX_DATA_5,TX_DATA_6,TX_DATA_7,TX_DATA_8,TX_DATA_9,TX_DATA_10,TX_DATA_11,TX_DATA_12
0498aa66,35fdf3bf,161c5082,55ffb516,6910b285,45873055,40b1a685,237a4540,a2818490,01220122,01220122,01220122,01220122
0c73bfcc,dbb5b53c,2070d915,0306112b,648143a3,47164a7c,3a142f8b,95167c39,16250d80,09220922,09220922,09220922,09220922
1458cc73,784709af,0e8478e6,43850b0c,18a07107,851b541c,3883a803,14101122,11221122,11221122,11221122,11221122,11221122
1c6612fa,f5bb7ffa,221c8131,a2c51122,78588147,440f3728,b9b3ab03,99242438,d0c49407,10001922,19221922,19221922,19221922
2498a36f,5f5fe97c,fe308881,a7c8cd1c,a839f2e6,07862084,3171718d,d9202031,05e18ca2,21222122,21222122,21222122,21222122
2c64bb73,e3f6de9c,1eb86432,07c53a0e,2048d102,98100e4c,4950e1d1,08341c41,a264060b,29222922,29222922,29222922,29222922
3456494c,5ffb97f6,406c52b1,82860c12,54586202,8807242c,4883250a,a01828f9,a3e2c000,31223122,31223122,31223122,31223122
3c8a1ef9,5eeba64f,122d7071,e2a4f130,64392763,44066a58,9293e285,1f6c1c81,d9244000,39223922,39223922,39223922,39223922
446069bf,96db6746,7254f163,29430636,249871e9,92a01250,52c288c4,9b548068,a5804122,41224122,41224122,41224122,41224122
4c5ecaff,8dfbb1ff,521ce882,24ce9710,ec8091aa,498a1458,30a2e549,0622884a,4123031d,1648a800,49224922,49224922,49224922
5461bfd3,ba1bf6bd,10bdf893,63c3ae0e,1cd1e163,060f2429,09014184,913a4862,12c404a7,34005122,51225122,51225122,51225122
5c60bdfe,7967ccde,2e244121,85ce1118,218904a2,08067ebc,48a1e348,a32a3449,00e30a93,1e005922,59225922,59225922,59225922
6468ffef,39775bcf,38f03143,848f1928,2c52028b,9189101c,3c9105c9,283228b8,7303ca07,1c184890,61226122,61226122,61226122
6c7497ec,bfb8fd57,381d32db,47052134,74f872c4,46be6084,90a22243,07149469,31a1d088,24006922,69226922,69226922,69226922
7459fcee,e36cd26d,122c3872,22049f0c,9848d564,050f5024,39726948,914a7c81,52840000,71227122,71227122,71227122,71227122
7c760f3f,bffe7dfe,0e2070d5,e5438752,2098c182,4d8c2a9c,3900c503,460c5455,1a81861e,1220bab2,a0007922,79227922,79227922
046859b8,7b67eb4b,283838b0,e3980631,34b1c123,870d2a71,4131e40a,881a2509,33c00122,01220122,01220122,01220122,01220122
0c5d2afa,b97d5ec5,1e6c7110,e2d1a51a,2078c0c4,c4071a44,329765c8,21148099,53600922,09220922,09220922,09220922,09220922
1461bc75,6763f29b,283048a2,48840a0c,1c987222,0b918a3c,7860c388,a72a2489,12601122,11221122,11221122,11221122,11221122
1c61e65f,f4f79931,266ca8f2,64861424,1c60a201,ce8b1675,3301c2de,116828c0,f5658000,19221922,19221922,19221922,19221922
2459ce4f,dfec7ef6,4a58c0a1,a3442136,7868632a,460a2224,f911a485,a40c4c80,64a4060f,2e482122,21222122,21222122,21222122
2c557bf3,49e3a1bd,10590123,234d9118,68406222,038b2e24,b12141c8,28106939,41402922,29222922,29222922,29222922,29222922
3460ebe7,ef7d3fbf,2e1c4862,0584a81d,01193163,cb861c18,c13583c8,07121c99,b1a8c387,1034e083,e5003122,31223122,31223122
3c7f3ea5,e9767c37,2e247111,66452122,d4a08123,448c1221,6e6201c9,08124058,c1203922,39223922,39223922,39223922,39223922
446c93fc,dd6f6afa,122094e0,f1ca0e1e,7450b0e8,848d1830,c123a286,093a34b8,d207c79b,41224122,41224122,41224122,41224122
4c6bc9d7,a5dbc72e,3c287090,c347b218,7438d2e2,88a01e1c,b86a041a,981a4159,11804922,49224922,49224922,49224922,49224922
5462aeec,97fee9fd,146591a2,22c33516,ecc8e243,44230c64,6211c343,0a3a1830,86091606,10285122,51225122,51225122,51225122
5c6f5fa6,ec67b28c,1428598a,51441912,5ce95123,119b203c,9a3141c8,065e1830,59225922,59225922,59225922,59225922,59225922
6458dbd2,39eb8c3d,441c7091,a6c60622,28d221c3,c79148a4,9970ca05,1b368868,b0006122,61226122,61226122,61226122,61226122
6c625cfb,b8fdee7b,241840d1,a547b40e,34708146,53070c18,41520245,8b106460,d0f14487,3a206922,69226922,69226922,69226922
7471c9ee,dac7ffae,4a5c4061,020d9a18,4c789249,8f86224e,4990c415,87412c58,75a5c7af,92007122,71227122,71227122,71227122
7c68befb,f2dbfaf7,8c583060,e5840e14,40aa7263,080b4669,f1c2a443,380c50e2,70c3861c,181c9b11,20007922,79227922,79227922
0461ffb6,cf76e7f9,12496881,228a1454,3098f7e4,d4871288,8974024a,184a6c58,f481cc8c,38344110,01220122,01220122,01220122
0c66f197,ddc61b1d,28f8e0f4,a20a117a,6088b0c2,93277c58,7081098e,8640a061,20000922,09220922,09220922,09220922,09220922
147b06ff,69db38f3,1e447957,e246c620,1e710186,058c0c25,2a2401d0,94bc5cc1,38001122,11221122,11221122,11221122,11221122
1c5babe3,fad0f7f7,3a7cc104,0247090e,1c6115a4,c3861631,21430183,8d1c3893,81420594,16001922,19221922,19221922,19221922
2462187b,fc79b96a,3e4432b0,e7038d0c,f8388221,8596142c,5900e2e0,0f4e5881,80002122,21222122,21222122,21222122,21222122
2c5ceed7,9f3368ef,1a743121,64c3a116,6c79f164,c90f1464,39b301c4,063e30c9,c16f0607,29222922,29222922,29222922,29222922
346e7df7,d77ad53f,1c49e862,24880616,64306164,4d361ec8,b8622445,9852fd42,f28289ce,142c7000,31223122,31223122,31223122
3c606eba,fd37b1e6,6e1d3891,61839430,8cca40c6,c70e5a41,70e102c6,9846b430,65230400,39223922,39223922,39223922,39223922
4453bdd9,740bbffa,0c444901,45440926,7c409109,4e8a1e4c,41f18406,933a28b8,d1a20800,41224122,41224122,41224122,41224122
4c599797,572e9254,122c51b3,0d48a020,a061d0e4,c78b1488,88b1230c,8f264922,49224922,49224922,49224922,49224922,49224922
54617bf4,5a5fc5fc,18747af1,6b063e14,6048920a,05ad1418,41852949,8c368c80,b1020300,51225122,51225122,51225122,51225122
5c63f6b4,fffffab7,32283111,41c43b12,1c3320ca,109a1c60,4a512888,2a3499b0,70c64c8d,2494b161,04405922,59225922,59225922
6458affd,5f8af4f3,0c3c3871,a98b2740,18c0d462,04881240,69526256,9e222840,c0c2c812,10006122,61226122,61226122,61226122
6c6a159a,9a7cb79e,289d99c1,e2450618,3c729103,4490384c,71272708,899a4460,69226922,69226922,69226922,69226922,69226922
745ee37d,afd8fefb,4a60e112,01848a20,64f90481,97891e18,58862493,941cac51,33a38a11,58784000,71227122,71227122,71227122
7c5af588,97fa2114,5c955973,a985941a,806a7262,cb093e8c,51b20407,00007922,79227922,79227922,79227922,79227922,79227922
0465e4cf,ffccc6b7,1a3c8951,0286a01e,3050e261,85091c69,3213478b,94944840,6262861a,01220122,01220122,01220122,01220122
0c6727ff,226ed5ff,142860d4,024ba92a,404130e4,88a57230,41128443,490e3879,71c60319,09220922,09220922,09220922,09220922
1462fbd7,a49bcf37,0c4d4262,04439142,24313383,0ca2723d,d874244a,8c169518,71e20827,11221122,11221122,11221122,11221122
1c6d5b5d,f3b9bf5f,241c48d1,0a8b3014,e4520143,a888183c,40914acb,864a1c88,6322881a,6c181922,19221922,19221922,19221922
2468ffaa,f7eadd7f,143120f2,8c511d20,64b23103,222f3660,89d0ed44,091221ba,e1044390,3e387081,a0002122,21222122,21222122
2c59e6f6,a61ec2f6,0c30e322,02838612,2c4940c6,03081a64,59716bc8,270e6c39,20002922,29222922,29222922,29222922,29222922
3456f1f7,bdf5280b,0e1c3121,64830e0c,2080920c,85144e24,907142c7,061454b8,64003122,31223122,31223122,31223122,31223122
3c60a3ff,7592f66f,16244923,a9080b3e,24886185,c9922a21,31b1c699,3d0c2441,a1028623,39223922,39223922,39223922,39223922
445b39ff,d3abf6ff,38351881,e2cba518,388870e7,17183a18,78c14249,37143c38,a144c387,1a2050f0,41224122,41224122,41224122
4c6ee68e,d77af6fd,3e28ab7a,81c7071c,18b13362,05873838,723162d0,86244c40,c1a30986,2c004922,49224922,49224922,49224922
5497ef94,b73f76d5,28287861,c3091014,4c6892a3,060b3aac,9890dfc7,922a405a,42c7c98c,51225122,51225122,51225122,51225122
5c60103b,d8dffc96,3438f971,81c6061c,183ae402,cc984c69,58b64185,06784098,59225922,59225922,59225922,59225922,59225922
645adaf6,59cb57ad,2e24eb91,69c99916,3c588148,0b102c68,b971a589,87125058,91820000,61226122,61226122,61226122,61226122
6c6c6fab,bf7eecb8,125478d3,a2570b9a,58920183,05901454,6082c256,90465494,51634909,1c006922,69226922,69226922,69226922
7465eebd,3bacee8e,224878d1,29dd8a36,f17914a5,058c1c34,909245c8,0e44e4c1,f20ac380,71227122,71227122,71227122,71227122
7c5b5fd9,6b505ff7,1c3c4983,a9c5881c,386962ec,c5920e58,d88141d8,1c122030,c0ca0b00,79227922,79227922,79227922,79227922
046fff9f,69f7d3dd,12c4c076,8248a518,5048a423,298f361c,6a63850d,984024ea,21225893,12203870,01220122,01220122,01220122
0c5d27af,173ac5ca,0e5040e2,04ce8630,497290c2,8b1a4828,7384a1c9,8d424000,09220922,09220922,09220922,09220922,09220922
14576f1a,2df7bfcf,0c1c4930,e6078810,20b0718a,cc86221c,31128585,2b281c59,51074d13,28001122,11221122,11221122,11221122
1c5ecfcb,a1dfdb3f,0e204062,26c88726,346b80c8,499e1680,c8a0eace,131a2441,01229b10,2c001922,19221922,19221922,19221922
2469ff9f,acee1fbe,222cc166,030c980c,4109a986,15881c20,81d3c185,8e527c88,61874806,3e1d3800,21222122,21222122,21222122
2c68e3e7,15b9dd7e,0e2488f1,4a89170c,8de8d0ee,caa0324c,611101c3,9c8e5831,1204c800,29222922,29222922,29222922,29222922
345d4337,7fffd24f,26249092,44072238,68a061e6,0c083a54,7a03a385,8616d562,e26545a2,31223122,31223122,31223122,31223122
3c61eb7f,fdee71cd,3a50b8e2,67840d0e,dd80b1e5,0c1b2224,30a3e1c5,230c1c88,b6a18f99,20bd2000,39223922,39223922,39223922
4461eb77,d7bfdf6a,0e25c944,654aa61c,d0f9a0e6,45080e29,7061e6c3,8a10c0f8,f1028511,3a303080,41224122,41224122,41224122
4c612e67,ee1b9bce,1c288071,468c1336,30986363,908a1e89,7981ebc4,c1368031,31004922,49224922,49224922,49224922,49224922
545cd697,a52ffe7c,161cb071,e1c4070e,2059d743,54101258,d153e410,93109049,53634b80,51225122,51225122,51225122,51225122
5c5f67e3,f59fa9de,1440ba42,0351950c,7c5a6186,08356a38,4895e2c3,06348460,92c34488,59225922,59225922,59225922,59225922
6462b56a,ffeff6cc,0c2c30f7,a2430e4e,3cc23142,46142244,98d0e397,240e2449,62068790,24e86122,61226122,61226122,61226122
6c61febf,c4ff5733,2838e0c2,05438d6a,4070b244,87a258b8,38c2024a,230ea5c8,61a28625,50246922,69226922,69226922,69226922
74698a1b,649eed77,20c058d2,c188887c,484c0262,dd06166c,c8982483,082e24b8,71227122,71227122,71227122,71227122,71227122
7c6047ca,77ff76f1,6a483943,22869622,3430b5e2,1f0b2a18,a0618485,1b185058,d223088a,79227922,79227922,79227922,79227922
04635ef3,e77e3545,36396a22,2345b223,0078f3a2,92200e20,3a812296,190e3d42,1124c000,01220122,01220122,01220122,01220122
0c607f33,68f3e5b3,24304108,46c38648,2080e0c2,4a8a0c40,7084a5cc,0c185840,c309c000,09220922,09220922,09220922,09220922
146fdaec,7037ffea,302c5a7a,a2850d2a,9479c4e3,0b883270,a1a52205,941420b9,34218780,11221122,11221122,11221122,11221122
1c581cf3,86ebfb2e,128848a0,c7d4181c,3c88d462,4c9b3678,9a23c503,06223070,c1a01922,19221922,19221922,19221922,19221922
245bfa2b,d7f6b7bb,26804253,83878f0c,2c5920c1,879b16e4,89d224c3,0a245048,c2294489,0e182122,21222122,21222122,21222122
2c6077bd,afc7eefa,1a1cc8f5,0305082a,64b09108,cc183645,c083a1c5,0f36b0f8,80ce440f,0e3c3800,29222922,29222922,29222922
345927bc,abff5536,0cb862c0,c68b1332,8440b244,479f1a8c,52930286,0d1a3058,62a44000,31223122,31223122,31223122,31223122
3c54b8ec,d6eff7aa,0e84f951,034a0c12,6c70a443,c50a2048,79b2450b,8a122460,8146c70e,39223922,39223922,39223922,39223922
44842e96,6df9db6d,0e747af1,24541a14,3c408248,611c2020,6191c3c4,090c4460,b15ac000,41224122,41224122,41224122,41224122
4c586ff7,4a7fb195,14b46942,6288882c,28609403,058d185c,a153a303,08181ca9,c3291380,49224922,49224922,49224922,49224922
545f739e,7ff3e65c,18204991,e3049a38,3859a185,55965e58,d0910209,bc123539,3287c989,51225122,51225122,51225122,51225122
5c88c9f5,473bcfde,58352881,29848e42,5038c902,060a2674,40f1e98a,19262078,8e024380,59225922,59225922,59225922,59225922
6465d4f7,a79e6e77,102c9c91,c20d9a0e,44596522,068d5475,099142cb,901654aa,21c3c508,61226122,61226122,61226122,61226122
6c5eefbf,fc33fc6f,289858c4,0244151c,3c30a525,878d2c2c,8161ab43,0a281c49,13899610,2a35b980,69226922,69226922,69226922
7461bf8a,72e95ae3,48b4c082,e1c38a1e,80986123,45171054,48b10885,0d7079ea,90007122,71227122,71227122,71227122,71227122
7c5c47ff,6e95fd47,162088e0,e7570612,a0e8a5c5,07973234,79112286,8f4c30e2,84aa0591,79227922,79227922,79227922,79227922
0453f8e4,bbd5cdbf,1634c1c1,244f9626,24f12262,050d0c60,606182c6,11105c32,31628387,01220122,01220122,01220122,01220122
0c75bc21,9f37def5,22508893,8184900c,e5318306,88071418,d1719586,2d962460,b0f14000,09220922,09220922,09220922,09220922
1468ffbc,ef5b6ee5,1060d071,e3878d30,1a1b42a4,0c2f3046,0ab14287,0f103440,92038626,28184800,11221122,11221122,11221122
1c603dd5,dfab55f7,0c3c4202,23030c6a,1ce0e301,c4b61218,78d1224d,891aa588,852b4606,0c001922,19221922,19221922,19221922
2471ffc8,f3d56e3d,2448c202,236b9026,2860c3e5,880e10d0,f8c44706,08683ce1,f0c74d0c,21222122,21222122,21222122,21222122
2c5cbf4f,51da2fce,3e3058a1,024b282a,183952ac,08891294,90d34c97,072a7468,d1438000,29222922,29222922,29222922,29222922
346ab57d,cfbf8cbc,202578f1,8d861712,4860f101,c50a2622,68b36c12,1b3c2c98,c1c25b91,31223122,31223122,31223122,31223122
3c64acdb,dffeddeb,204c6902,64d39513,0c306507,8d242eb8,78916184,867424a9,5101c58f,14504150,39223922,39223922,39223922
445f79ad,ef79fdf9,185d2922,04908924,713a2244,c7881241,09974546,06566059,62c1c396,2a20b000,41224122,41224122,41224122
4c67febf,f3b33f8a,1240e9f0,e2d38d36,54e0e402,c6882830,e870e3c3,86807079,70c20c8a,1b1c4922,49224922,49224922,49224922
5455ccae,fb431be6,12206b11,0586124a,5048a0c3,0688222c,5100e504,89303848,a0005122,51225122,51225122,51225122,51225122
5c5bd74e,edfbb6d2,0c4100e2,4acf1c20,4c7060e2,458e1060,98942399,08522468,7166138c,59225922,59225922,59225922,59225922
fc5bd74e,edfbb6d2,0c4100e2,4acf1c20,4c7060e2,458e1060,98942399,08522468,7166138c,f922f922,f922f922,f922f922,f922f922
0c8ef7ff,f6e4efad,1c4c70c2,0c4ea30c,3c5c3145,5408145c,707eb104,180c6098,81a545a4,1018f8d2,80000922,09220922,09220922
145e7bfe,b05bd733,0e40d8e2,24849026,9551d4a2,83943421,3877a18a,120c2c31,01824380,11221122,11221122,11221122,11221122
1c6a3af5,7ef73bfc,5030c865,448d8a22,3c6a61e4,98112274,7860c24c,991c448b,8183598a,11301922,19221922,19221922,19221922
246c7bdf,b6774ffa,1618a864,86c59732,4c42f363,4a113824,b069c206,207ad091,4304c9a8,424d7000,21222122,21222122,21222122
2c58dd5d,f1b515df,0c786883,41839320,1d18d0e2,8c0e4c68,a902a9d0,95323928,70c2c380,29222922,29222922,29222922,29222922
346074df,feba36e7,123c4a13,29830c10,98f082a7,858f602c,38c16450,20229d20,922e4b09,32003122,31223122,31223122,31223122
3c5e77e6,7b37b8c7,1c786882,268ca81a,a83882c2,09211e59,3875444b,0e284c40,b68c4b80,39223922,39223922,39223922,39223922
445c37d9,e16c6be5,164870f7,65908b22,a448f201,86080e4c,71640b06,94143889,20004122,41224122,41224122,41224122,41224122
4c565edf,addd97be,0e2d10c1,424f8814,38996364,c31e1430,68b3a346,9b126470,f10a840b,10444922,49224922,49224922,49224922
54707e7e,a8e61aee,3631a890,e34a8e2c,48614a43,44b51a20,694162c5,a18688a8,c1c05122,51225122,51225122,51225122,51225122
5c68e6e6,f9eccdff,0e2490c0,c9458e1e,24386102,06123218,7881c20a,860c1c6c,38e40507,42885922,59225922,59225922,59225922
64619797,fc1dd7ef,504438f2,4c439528,4128b665,840c2224,b8b4224c,976619c9,01240e0f,14006122,61226122,61226122,61226122
6c62fe25,f85fdf6e,0c1871d6,c61bab40,60312148,488718b0,308281c3,993a40db,a0e2868b,1a006922,69226922,69226922,69226922
745ddafe,58fb5d8a,4020a0a2,428d8d14,20d891a4,03191e41,c1718d0b,0a122d40,f2e64000,71227122,71227122,71227122,71227122
7c7ceef2,fd5bb3f7,102038d1,01ee1512,31658102,4717341d,c0810383,0f1510d9,0244c748,38445800,79227922,79227922,79227922
04888be2,63ef59f8,189030f1,c7d40c32,2449b242,86871060,8281ce78,07305c70,b0000122,01220122,01220122,01220122,01220122
0c67cdf8,cf5fdeef,0c2c9861,844e0924,d4da80e2,c316922c,99114385,0b2c4448,70edc98c,1020d000,09220922,09220922,09220922
146848b7,1fefb5ab,0e484313,ec841d38,2040922a,030c1244,488124e5,0c0ea840,92a5c000,11221122,11221122,11221122,11221122
1c63fef1,5792ff2f,20284120,e2480624,1880a145,0909321d,b22101d8,c024586a,31890d1f,5a001922,19221922,19221922,19221922
247ddfff,fa5c99bd,4a1c39a1,074b8a0e,703216a2,c6a116c8,70c12c72,101c2528,62434c0e,0c384000,21222122,21222122,21222122
2c83fa1c,d2d3d3bf,12604111,441d1170,1c3981e4,439c3c28,30938d84,9d3244c6,a1820000,29222922,29222922,29222922,29222922
3462ab6f,e656c9fd,1618bbc1,c1dd0f0c,384a51c3,ce145459,58914509,0634307a,9342c980,31223122,31223122,31223122,31223122
3c606fde,f6b1f4e6,16296082,2f168f2e,4030e141,c615101c,5b350286,0e0c48a8,60c206a5,39223922,39223922,39223922,39223922
4464e7fe,cbaeb7dd,0e20ca22,c44c0e38,c898e2e2,5506442c,40c16645,2d185c70,e108852e,282e1800,41224122,41224122,41224122
4c5665d4,abe9fdff,1c2051a1,a5038612,246860c2,44120c58,4141c455,871e34d2,35040689,22004922,49224922,49224922,49224922
54596cb6,1fb38ff6,38705081,0212a324,444872e8,950f4224,7223e449,0d2c70b1,41248000,51225122,51225122,51225122,51225122
5c6cfa2e,9dd97fff,38447942,c3898e18,1d0b2102,c68b0c60,7500e3c3,8e165098,7742ca1a,4e704800,59225922,59225922,59225922
64596b6f,dfefe1fd,341ca9a2,21918820,183891ec,8c1d101c,7063020a,11122890,b1830596,42745990,61226122,61226122,61226122
6c6556f7,d3fe7def,4a509914,c3831516,6868b206,439b5120,8991a78a,902e5050,d2c7c81f,1e9c5970,69226922,69226922,69226922
7464f1f5,ec7def7e,326492a3,e1c40842,20411903,470e2098,a861c5c7,90383c48,72630407,0c706800,71227122,71227122,71227122
7c57bdbc,888f2c1f,2820c141,e5058912,503870e2,57a61a90,e0b2e3c7,09348400,79227922,79227922,79227922,79227922,79227922
0452b93d,895e9e97,386060a1,41c4932a,30617209,05912e30,8893e307,06104c69,60000122,01220122,01220122,01220122,01220122
0c5da965,e746dff1,281ce201,038d9312,74811346,d3931620,e2d20b46,8b241db1,52000922,09220922,09220922,09220922,09220922
14709c4b,ddd8bbed,38915970,c7078f68,3d20f2c4,c3181694,a8920547,08306c34,c193c000,11221122,11221122,11221122,11221122
1c685b5d,feffbd2f,20351154,adc3072c,b0b43163,83ad7a18,92012887,24641ce0,a0c31512,201c80c0,19221922,19221922,19221922
2472fb5f,bbb49e79,54184c56,8299910e,594942c4,c689523d,c992e1c6,8f124899,b1458e1c,a8002122,21222122,21222122,21222122
2c5cceeb,a474edfd,18788872,a48a1620,2c5280c2,d6a22830,f8916414,8e221881,41839a00,29222922,29222922,29222922,29222922
34648ddf,df0a87ff,1c40d093,a485072e,3c93734a,45bf1c51,10c7c34b,892c34a1,91e28a0d,31223122,31223122,31223122,31223122
3c67cc57,afecf33b,7ecc3881,e4838a6c,48e8b20a,c78b3220,43f1a6c4,1d422928,e3879580,39223922,39223922,39223922,39223922
445a7a67,f63aff2c,124859a1,c4880a12,2458f502,45994024,d1122dc3,8a4c2089,c0c5ce80,41224122,41224122,41224122,41224122
4c587f7b,67eeef98,0e3cf211,01860a0e,24591543,0d8d4c48,82724643,8d0c7460,e304caa0,0e204922,49224922,49224922,49224922
545b41ae,7a9b5f1b,503c8880,edc3272a,1c594643,47081c24,b0912486,9a141c80,51225122,51225122,51225122,51225122,51225122
5c6a5af3,bd8c4449,441c6093,0346091a,32291131,04202059,02682346,89005922,59225922,59225922,59225922,59225922,59225922
6459bfec,bd7f7edd,1a6878b2,624e8b10,3c78d482,46181c34,48a1a284,9a1634e2,1624078a,1c249272,20006122,61226122,61226122
6c6dddbf,76e67bdf,3e8261e1,4186a560,3868a3c6,c5122080,81522590,0e111c80,e34744a1,2c9cd8d0,69226922,69226922,69226922
7473debe,ea72fefe,32545061,66c58a34,391af202,4318b498,68d0c24c,8e263068,f108c59c,20752000,71227122,71227122,71227122
7c61f1ad,ef6d6bd6,3834b8c2,c187861c,2ce071e4,480a2236,30d2c50d,0f122059,2144cb8f,79227922,79227922,79227922,79227922
045ce53c,d457f6bd,1234d092,89871168,2d48b384,8d1f3a54,40c50208,0d188859,73c54000,01220122,01220122,01220122,01220122
0c6cffad,5bf7f79d,0e4c58c3,e28e062c,243110e5,a9310e28,3142c9c5,171454a0,90e3440d,42607071,a0000922,09220922,09220922
145fafcc,bf1b3ff7,10209944,07daa61e,74387682,8c1f181c,a0b1624d,11101c89,628c0e12,1c801122,11221122,11221122,11221122
1c5cfe8f,b56d7edd,42644a21,445aa220,2ce8a223,c5122624,68628384,89121870,e1830c86,68701922,19221922,19221922,19221922
246d1dbb,baedb37b,24651212,22278622,1c5c20c1,d58b4824,897424c9,91165898,f4ebc31b,21222122,21222122,21222122,21222122
2c5a8a24,ee3ffce8,544d0094,27861732,81807327,460a2444,60a4a688,13121938,29222922,29222922,29222922,29222922,29222922
3454ce2e,5ff355d0,1024a901,c488880c,2d0102c5,43180c70,31810183,155a3441,60003122,31223122,31223122,31223122,31223122
3c69bfbf,5ef747b3,1e34d1b2,68cb864c,1930a0e1,c7089444,99a0e509,870c39c1,20ec440d,68306800,39223922,39223922,39223922
4466defd,edc95f54,14254061,019e8d10,24b1b4c6,43471c68,98d14385,17322480,62c34888,41224122,41224122,41224122,41224122
4c5a6097,a35fefde,1488e882,03879528,4490b2e7,c6876234,592161c4,8610c481,d3e78000,49224922,49224922,49224922,49224922
5459f543,1dcfdd6f,0e5438b5,444a880e,345073c2,91862a7d,3aa12444,873a20a1,f1e50580,51225122,51225122,51225122,51225122
5c5ef7ae,6fbaa3fe,203c9081,2643110c,608922e3,85371218,d8a1a186,1b10e520,6162c79f,10185922,59225922,59225922,59225922
6466ece8,e35fcee7,30583881,48c8121a,1a1366e3,06180e20,9086a34a,0b225570,a0ca4980,61226122,61226122,61226122,61226122
6c95ebbf,fbb7f795,22b85932,834b0c0c,2c48f0c1,c3a20e40,8a10c207,21101848,c3e18f8f,fa8caa82,60006922,69226922,69226922
7472d99b,69fecbbc,0e28f140,e24d1640,412077a9,04d83c3c,30a2a746,20108550,95819580,71227122,71227122,71227122,71227122
7c59ab17,77f9fbbe,3e317b01,0904961a,2c51b1e1,84870c24,d90123c3,9a201868,7123058c,24347922,79227922,79227922,79227922
0464dae6,eedff4eb,0c889a46,65439a1e,4c79d384,4b8b22a1,28e32211,b5644cd9,62afcc87,24600122,01220122,01220122,01220122
0c69c91a,9e7b1f9a,14489113,2a668630,30d170c3,4b086e44,a0626584,8d203080,09220922,09220922,09220922,09220922,09220922
146a76d7,1dcf5f75,3a303b85,8760150c,184492a1,8416421c,e8e2824b,963620aa,22280726,11221122,11221122,11221122,11221122
1c60cfbb,ffd1eeee,124c38a2,298eb724,28b17128,88092c3d,c9d28185,1c1c1c5a,b0e18786,262c9860,19221922,19221922,19221922
2454efeb,fd7ea9bc,1c207a42,01858d10,2c306342,0d974a30,507183c5,89266448,d2a24507,30607800,21222122,21222122,21222122
2c65ffff,ffde2eef,14462172,23873226,6038f0e9,c8200c39,511382d0,8b1a3c30,c101d706,105058a2,45c3a250,29222922,29222922
345296a5,f4cf8b73,1c505213,61898b0c,207871a7,850e3e54,88f26445,88182c99,80003122,31223122,31223122,31223122,31223122
3c5daf65,6abe1fbe,106868c2,01898d26,2c4150e1,d9100cb8,40e34cd3,1a3050c1,c3a4d180,39223922,39223922,39223922,39223922
4462bacf,dbc9f7b7,124c4188,41d29c14,4c48c262,491c10dc,f884a585,0b1e4859,5225c7a3,28244122,41224122,41224122,41224122
4c68f7b5,fcbfd8bf,36347863,45a40b2c,2510e183,cf218218,c0f204c8,881a1c78,b0e78d0d,2c386ae0,49224922,49224922,49224922
54666fbe,f7af53fd,1248a161,e1cb1290,d091c4a5,868a2c48,588521ca,8a1c2049,e1e2c493,54388900,51225122,51225122,51225122
5c93fcff,6e326ff7,1a8c3982,c9851333,ece95287,478c1234,5161eb0c,0f52f478,d0c28490,141cc800,59225922,59225922,59225922
64598fd4,97e67fef,1060f191,c7cda424,3040f163,079f2258,30c12457,0c343858,b1819121,38006122,61226122,61226122,61226122
6c67e3b2,b35eea29,7420e971,c206b714,29a911a6,030c0e30,7871c34b,158c6058,69226922,69226922,69226922,69226922,69226922
74757eb2,aef93afe,1c6841d1,2c291122,1858a105,55861c18,69f5c38d,89122c60,b225eb17,71227122,71227122,71227122,71227122
7c7c65f9,ff6ee7d4,103c5361,02891326,1c38d204,45a11c20,b075a444,1850cce8,c2e383e3,2a007922,79227922,79227922,79227922
045a9f8f,d9bf72f5,267480d1,25051258,3848e302,8d29142d,42d0e4c3,8c142c39,e362c714,0c000122,01220122,01220122,01220122
0c71dff9,bbdbdb59,14f8b073,23eb0c3c,20d0c263,cc88203c,30a0c20b,a0167c38,95260a0a,34411800,09220922,09220922,09220922
1460f5ef,dd7ef7bf,22286062,0dd32438,28a860c2,c8894a34,38c18413,a64a3868,6506870a,103469d5,e6448000,11221122,11221122
1c6659d7,f765a78d,1e804b30,c508970d,14897142,030c0e28,34032407,0b361cc8,80c54000,19221922,19221922,19221922,19221922
2459f5ef,b84dd636,0e4481b1,6304081c,5c8ac201,c3a22818,e8760304,8b16213a,5106c000,21222122,21222122,21222122,21222122
2c80bddf,e3d7c16e,0ca540a4,26cc6624,20a8e0c3,8b0a2440,b961c50f,863a4c81,12f1c4b3,29222922,29222922,29222922,29222922
3461897f,facfbff7,1644d860,e3072e20,54d163a3,881c1044,59924617,117a58f9,5101c712,1cb830a0,31223122,31223122,31223122
3c647c6f,79b71a3e,3a603994,03c4230c,5ce32343,4314102c,5c5484c4,87582060,74c60000,39223922,39223922,39223922,39223922
44719f3d,b5defaa8,0c5122e3,23cf5718,20b2b184,88861640,68a10210,0b125578,82224a00,41224122,41224122,41224122,41224122
4c647e7d,efaf7ff2,10fc4296,e343072c,50386348,4f142030,50e1a303,121ca8f8,86a69187,4c24d912,00004922,49224922,49224922
548e9bc4,1ddecffc,12411903,4cd99c14,6d776206,120e9060,e0e20686,152034ea,40c28000,51225122,51225122,51225122,51225122
5c62eb93,77a7f5fc,0ef48173,a4918d0e,1c4893c7,448d3c28,3114824c,891e2c60,b3e89f0b,0c005922,59225922,59225922,59225922
646c7efa,efbde749,11404251,05872b28,7431e4c2,1098386c,c0a26e8a,181e58f8,a5e6088c,1e346122,61226122,61226122,61226122
6c63e777,5fdb48ef,2ea04108,a7459d0e,184150e5,d60e0e18,b2232445,8c1638c0,c306470a,3a006922,69226922,69226922,69226922
74587fdd,fab5d1cd,542d0092,464a2018,4070c0e1,83890e2c,7091a5d3,a73c3c41,81a70787,1a007122,71227122,71227122,71227122
7c5efc7f,dff6d9ff,22491862,03cf1668,34e8b1e5,c9083458,f893a305,260c4870,e4248408,1aa840d4,44d40000,79227922,79227922
046ed24f,fcfff77a,18fc3070,e7034f16,e058c4a7,c90d2e38,992569d3,0f0c5099,a1621534,0c318000,01220122,01220122,01220122
0c5ae891,7d82bf5d,302858d3,a5c9870c,dc4183c1,83861a30,68a1a808,8a1cbd30,09220922,09220922,09220922,09220922,09220922
145dd61d,d7bf686d,2284a963,834d8d76,1c714121,918b1c40,90a10583,064c3d6a,01820000,11221122,11221122,11221122,11221122
1c625edd,bd7e4ce9,16a89071,e2461b2a,848221a2,8c8a3104,8160e603,92128059,57280500,19221922,19221922,19221922,19221922
245e6b98,b99baeff,0e2c71c5,62cb8f1c,1d494104,8d0d106c,b333a1ca,11107069,34419b80,21222122,21222122,21222122,21222122
2c53aa7b,be9fe5dd,38785884,0283883c,1c70d0c3,0b101218,3131e285,1f182c90,c1e2c698,20002922,29222922,29222922,29222922
345b9f7f,9eff5bef,0e28a0e1,03ce0c2c,38d17322,8a0d18c0,81518989,1b126481,81254e13,1a3d7161,c4403122,31223122,31223122
3c560df7,bf98f0f3,164c3081,c305a310,1c80c401,c81e1e34,7951a185,86641830,a1e48000,39223922,39223922,39223922,39223922
44598f94,4fc5ae62,201c5893,e3883122,58491362,47061c2c,c156848e,8a244122,41224122,41224122,41224122,41224122,41224122
4c57e150,8d24bf0d,24750121,848e0662,6c407282,d20e0e74,41210680,49224922,49224922,49224922,49224922,49224922,49224922
5465ffff,ce7bcd7f,283173f0,c746071e,5148d346,0f8636a8,40d50ecc,06121898,9303170d,3620c911,c1848000,51225122,51225122
5c5ee36f,f311619d,16289095,650a8c16,d4c8c5e3,84071eac,f865e192,0b162068,59225922,59225922,59225922,59225922,59225922
6468286f,fffff396,38a05091,41848e0e,48b0b223,830c1459,00f0f189,982c4d21,21c58946,10206122,61226122,61226122,61226122
6c5be7eb,cfe4a8ab,0c8489b1,4c888a38,5c6890e4,0495108d,7ac2428a,99163071,e0e68000,69226922,69226922,69226922,69226922
746bef3f,de7e1eaa,1e3048b0,e30a0a0c,6a820744,468f1020,791267c7,883054b0,90c1c317,12007122,71227122,71227122,71227122
7c5f1ab6,d66fddd1,3c644134,c24a9312,c039f242,448e2c18,6a11c187,882039f8,e2e07922,79227922,79227922,79227922,79227922
046048b7,7d21bff5,103c68b4,a5048c1a,3cb0f182,86880c38,a2c60f43,08181c73,31200122,01220122,01220122,01220122,01220122
0c7ae7cc,eab3b0ef,0c188c71,c4922848,28506166,44900e3a,19238b49,983c8cb5,f4a44000,09220922,09220922,09220922,09220922
1461f77f,33fdf37e,4a488062,a3051136,60409507,4327281d,bb91a3c4,0b281c30,61281497,1e8850e2,e0001122,11221122,11221122
1c58ca73,c73b773a,121c9121,648e0f1e,8060d381,8e881c4c,f061420f,984cb089,42001922,19221922,19221922,19221922,19221922
246ccdaf,6cbbfcc1,322520c1,a3848820,bca8ba44,0c9f1a80,31f10204,1b2c3459,92834000,21222122,21222122,21222122,21222122
2c644bbc,f7ceceeb,1a18d097,27c8140e,9c30a3a8,0a092474,3892e1c6,8b263858,94d10706,29222922,29222922,29222922,29222922
3468dabe,fdbdafdb,8a19d911,ca110660,44614643,89a62c4c,997226c8,8d165049,712184ac,501c5920,31223122,31223122,31223122
3c5abb67,e74f7849,14807a62,e283140c,64b0e163,44065a24,48f30392,12622038,94403922,39223922,39223922,39223922,39223922
4461dd9d,5abfddf7,5018a1a2,c38b8d70,9c4b00e7,46143cf0,30c1c64a,8f0e2030,a0e3c521,16484800,41224122,41224122,41224122
4c58f3eb,6ef5fe56,101c6301,c4951236,3c312281,c3911a2d,18910606,8b162859,11828d96,16244922,49224922,49224922,49224922
546ab7c7,f51afe42,7ac459e3,45c5bb58,48b080c1,c40f3524,e9a2e60b,89421d11,01005122,51225122,51225122,51225122,51225122
5c58ae1a,b8f60de0,2a2c7914,6b93181a,98989107,090d1838,ba2224c6,87005922,59225922,59225922,59225922,59225922,59225922
64599b7f,323ffd6f,1e408074,c7830e0e,1c913283,830b4020,61a18313,06166871,22e2c733,122c6122,61226122,61226122,61226122
6c6df6bf,5ef2dbfe,6e1e68b2,22880f0e,7c315163,90a06ab4,a1a32186,8c621c31,01a41294,10704420,69226922,69226922,69226922
747677f7,de2f9673,b630d910,e78b222a,1d5072e3,09221664,38888586,0d6e8840,b1258ca0,0c007122,71227122,71227122,71227122
7c8cf71f,efbfbdf7,2c20c741,09430d48,8c60e6e5,04081064,f103ae45,1314f040,6225dc8f,20acc9a1,64100000,79227922,79227922
0476fbfd,a7339f6e,4270c8c0,e2619d4e,3d18834b,53084669,1203c2ea,991a2530,c184c388,0f480122,01220122,01220122,01220122
0c649f4c,736b1be7,3c5a2910,c645a34a,2d50a202,511a5a44,69412512,2c2664a0,f1800922,09220922,09220922,09220922,09220922
14632b75,5ff79f0e,761c4931,c7c9bd62,407150c1,d0231018,d081c212,301e20b8,e1820d80,11221122,11221122,11221122,11221122
1c66bdbc,cef98f8f,1c5ca881,62450c8a,4ce8d762,8609102c,48616ec4,09166050,71c88391,19221922,19221922,19221922,19221922
2465e4af,da6cefcd,1cb0f8a2,52058732,445153a4,50081424,4a22a712,102434a1,82459180,21222122,21222122,21222122,21222122
2c5f9abb,da3dcbcf,424c4a43,24450c3e,4c92b604,db193448,78b3c7c9,8b3298c1,a1028780,29222922,29222922,29222922,29222922
34863ed1,e4f5ae69,2e6496e1,42098e16,3052c1c6,858a2e84,4971a3ca,860e68a0,a0003122,31223122,31223122,31223122,31223122
3c63ba47,abbb8d00,382da8b2,0f448e10,8db0f223,8393782c,69016409,16003922,39223922,39223922,39223922,39223922,39223922
4465cec6,a7fcefb9,28c96073,c74a1624,b431f5c2,5b231cfd,193101c5,8a1030d9,d4c58a0b,41224122,41224122,41224122,41224122
4c5ad9dd,9b5fe29d,0c747883,4184172a,68689165,08973680,99b1820d,96142078,964bcf00,49224922,49224922,49224922,49224922
545f6699,a26bffa4,16cda0d1,42439124,4089f6e5,05142451,49a24543,18481c30,51225122,51225122,51225122,51225122,51225122
5c69db97,7ee9bfdf,362840f4,e405060e,2c786467,4f973cd4,3093834a,092840ba,21c3858a,184d94c0,59225922,59225922,59225922
64589ef6,efcdefbe,1e207951,8a038910,58787202,d8143418,ca5201c4,991a1c60,c0e34c1a,12304950,61226122,61226122,61226122
6c66ad6f,f50fb1f9,1a2440c0,e44e1d4e,24b090e3,44a41e74,a0d38245,910c1910,d9648c80,69226922,69226922,69226922,69226922
748c7fcb,41e7979b,281cb9dc,ca441134,4089a0c2,868d1cd0,f083224b,8d0c88d7,01030000,71227122,71227122,71227122,71227122
7c65d7c6,f3b7879f,103a48e0,c5cd8914,3d3993c3,4b8d3824,5880c749,9d108441,53e21512,79227922,79227922,79227922,79227922
045eca97,fefe368e,1a5c31e0,ea0c9b24,4d308441,c58e6a60,715202c4,9f681860,63a25280,01220122,01220122,01220122,01220122
0c627db9,3db8e5ed,161c40d2,02838864,6110c1ea,ca0c1218,60a20cc6,11227068,93a4e100,09220922,09220922,09220922,09220922
145eb7bb,17ddbb67,441c7086,a3030a28,80987408,d0ad1e58,c2820350,860c7830,710a8408,16001122,11221122,11221122,11221122
1c60eff3,a60c2e76,0e24ac00,c44c0e22,1ca971aa,04891c94,4b50c2c8,13147039,30001922,19221922,19221922,19221922,19221922
2460fef9,6cdf74df,1a943983,a6c48968,1d1061c1,c3a91648,70a2220c,231850b9,11abc89c,16d84800,21222122,21222122,21222122
2c5a5c35,bdbefb6e,101d3952,c507880e,7c7860e2,13a51c1c,ba42660f,a12c3549,12030420,29222922,29222922,29222922,29222922
34622e4f,8f527bae,0e347103,a845425c,5139c224,499d169c,49b1e547,9f189c90,c0003122,31223122,31223122,31223122,31223122
3c67f33d,e4fbe7df,24543165,e3838710,b8f06285,048c221c,6090c393,062e50c8,62028597,2f286000,39223922,39223922,39223922
4469eabf,27fdc68f,5c207076,02858e38,24923263,86113ede,50818787,ac3a4832,a1c54886,41224122,41224122,41224122,41224122
4c5e7fae,befbf7e8,0c554862,67ce071a,38f06182,4b881058,c904a1c5,8714b838,95024d91,72343200,49224922,49224922,49224922
546ef7a9,9dfef6e5,0c387a80,c6c31332,289113a8,8b891264,32512306,89149d41,aa669789,10305122,51225122,51225122,51225122
5c5e3d3c,2d7e7edb,14483870,ca09a448,798a00e2,858d4295,025144c4,8c242991,d2e18580,59225922,59225922,59225922,59225922
646ff3de,e463e59a,2e2c9071,850e881e,1c7d11c9,0d8e2638,645666d4,872424f9,21e06122,61226122,61226122,61226122,61226122
6c725ffd,afe763ff,0e591862,0209978a,4c58a282,839f1054,4991e483,1dae3878,f4020892,5074e091,80006922,69226922,69226922
747dfe7f,caf76ef5,0c34b901,08c72f1a,24c07303,89974adc,58e584e8,23387708,71ab5810,265dd150,71227122,71227122,71227122
7c72237f,9b17efed,6a2480f4,36062338,c881f363,48331840,30834408,a8641930,c0e24890,79227922,79227922,79227922,79227922
046bfdb9,77dcd638,8e6c9082,65481712,24423368,05131434,88f51291,952c6558,d1854400,01220122,01220122,01220122,01220122
0c589af6,dcfdc5a7,0e4900f3,a2088c2c,4ca150e2,c39f4221,60a143d5,0c0c28f9,41e38d00,09220922,09220922,09220922,09220922
14599a6f,fff715d9,14986a61,290b140c,3cc06386,48901aa4,b0752303,19204848,61030313,24001122,11221122,11221122,11221122
1c5d6e3f,7c2a879b,388c3373,a5449620,307b2103,0d0e168c,d08244c5,894480a1,40001922,19221922,19221922,19221922,19221922
247bc973,effb97da,105458b1,04438c52,5c7383a5,1ba410c6,00f388a7,0824e461,91b7cb89,12002122,21222122,21222122,21222122
2c5ff7d9,76a57dfb,522c60f3,220ab21c,548873e1,898a24ac,630225c4,8d1a8450,a14d0586,0e402922,29222922,29222922,29222922
3461577a,f5da5df9,0c204945,2888932c,1cd9c2e3,46108024,78722216,a1129102,80e24b8a,31223122,31223122,31223122,31223122
3c646797,ff9eecde,3a1c8121,e59ba236,20c1a226,03081a50,b1516d84,926495f0,d2c25323,2e2c3922,39223922,39223922,39223922
4474f6dd,91eb4ef7,5e7c6102,c1c51224,4438d5c2,830b402c,3233a643,9e0e90a9,00d6c310,41224122,41224122,41224122,41224122
4c973fbe,7f898aef,2a310980,e44f1a0c,a8415fe6,0f880e20,3060e254,071e68a8,93630b86,49224922,49224922,49224922,49224922
547247bf,fd07dfd1,0eb84881,e34f9722,643930ea,530a2e44,9a94a88a,a4203c45,91e58b98,51225122,51225122,51225122,51225122
5c53feaa,6774b2f8,1880b8e1,67c30948,2058a2c1,cd890e38,90f3634b,8c1e2039,22405922,59225922,59225922,59225922,59225922
645bd6ff,49ed19fa,56483260,c3d28a3e,18a8d287,83932034,4172c243,31145492,a105c700,61226122,61226122,61226122,61226122
6c6a04a5,7ebe5d8e,2a28a063,c1830f18,24e8c1f4,44981e40,81b1e643,0e1a2000,69226922,69226922,69226922,69226922,69226922
746dbf47,33dff95f,a6183200,c2c42336,38887404,43100c21,11126789,87583480,b165d10c,2a907122,71227122,71227122,71227122
7c60b94b,6fbc747b,1c6cb2a0,c3c81650,98d8c12c,04b33a5c,31168384,9c201d31,2182c000,79227922,79227922,79227922,79227922
046abb7a,88c779cf,109440c3,251e0714,60d8e423,54202e24,4ad204c9,29223844,d4200122,01220122,01220122,01220122,01220122
0c80ff57,fcb35fbb,345c8901,2197950e,24a222c9,940f1834,f8a3228d,86802442,76ac93e7,1418abd0,09220922,09220922,09220922
1497cbf6,b716ada6,1273f902,a304060c,1c4891c3,451b142c,9221a403,941e4079,96401122,11221122,11221122,11221122,11221122
1c6e6b76,def7c2fa,16284cd1,c244bb12,9c9863a6,ca061644,38728f08,9f0c361a,8262460f,19221922,19221922,19221922,19221922
245da69d,decfff57,22208083,4385863a,3c693145,83890c31,10a44443,21341d80,a2464310,76302122,21222122,21222122,21222122
2c58f710,b5f3cddc,3a6860d1,0b480824,a03a2224,0c0d1a4c,39b4c50f,86105458,82202922,29222922,29222922,29222922,29222922
346077f4,dd8dfcff,42884132,e1cb121e,31d8c268,05902e18,718102cd,1c0e1dc0,c1640508,188cb000,31223122,31223122,31223122
3c63fde5,8f7d77ad,381841a6,4a930b26,21726164,03a02225,0893afc4,8c1a7450,81cac329,16603922,39223922,39223922,39223922
445bad0f,3d57bf5f,32304931,09461026,3cf89266,46095040,39742344,0f506d81,34e3870a,41224122,41224122,41224122,41224122
4c867fed,ff11ef25,3c38b8d1,c7c49036,77707428,44881248,48b221c4,953a2448,a1258f8a,0c004922,49224922,49224922,49224922
5457adb7,ed93fd73,32546861,094b861a,28d89161,8a91303c,9185840a,8e443840,72044508,3a005122,51225122,51225122,51225122
5c6fc3ff,ac8f6cb8,aa618901,22089118,44608282,ca0c441c,31a0c30c,1c382839,04805922,59225922,59225922,59225922,59225922
6469c7bf,27f33bff,142cf0d2,a4838730,503a0367,4f171624,6950c5c3,992135a8,a104858b,3058b800,61226122,61226122,61226122
6c68efec,2d77ae7a,10546061,22499932,189cc184,05081a40,a8812512,252c2520,c4c4448e,69226922,69226922,69226922,69226922
745af93f,f75ffb6c,14297181,64d10b12,2838f2a3,43142e58,f2d265ca,0c1870c9,41829188,0c5c71e0,71227122,71227122,71227122
7c60bffd,f0f8ddcf,1a64ba31,e1879010,6c407343,9018125c,ba324543,1010a860,63c2d919,6ad84800,79227922,79227922,79227922
